{"flutter":{"platforms":{"android":{"default":{"projectId":"attendanceapp-74ff3","appId":"1:1016889261274:android:9790488165af9ca9e779e3","fileOutput":"android/app/google-services.json"}},"dart":{"lib/firebase_options.dart":{"projectId":"attendanceapp-74ff3","configurations":{"android":"1:1016889261274:android:9790488165af9ca9e779e3","ios":"1:1016889261274:ios:737903558825af83e779e3","macos":"1:1016889261274:ios:737903558825af83e779e3","web":"1:1016889261274:web:adb6e5cccf1d26e5e779e3","windows":"1:1016889261274:web:840d74a5c1cd7034e779e3"}}}}}}