{
  "project_info": {
    "project_number": "1016889261274",
    "project_id": "attendanceapp-74ff3",
    "storage_bucket": "attendanceapp-74ff3.firebasestorage.app"
  },
  "client": [
    {
      "client_info": {
        "mobilesdk_app_id": "1:1016889261274:android:9790488165af9ca9e779e3",
        "android_client_info": {
          "package_name": "com.example.projectapp"
        }
      },
      "oauth_client": [],
      "api_key": [
        {
          "current_key": "AIzaSyBVhusAYm_wEPm9cfXIktY67neUbz50agM"
        }
      ],
      "services": {
        "appinvite_service": {
          "other_platform_oauth_client": []
        }
      }
    }
  ],
  "configuration_version": "1"
}